Workbook

Sheet Resumen
A1: Plan de Implementacion y UAT - Analista - Pantallas especificas
A3: Rol ejecutor | B3: Analista de operaciones con acceso estandar; sin super_admin, sin configuracion y sin modulos de admin. | D3: Indicador | E3: Meta | F3: Actual | G3: Semaforo | H3: Comentario
A4: Criterio global | B4: Cada caso pasa si el analista completa la tarea sin ayuda externa, sin errores visibles y en el tiempo esperado. | D4: UAT total aprobado | E4: >= 95% | F4: =IFERROR(COUNTIF(UAT!J2:J250,"Aprobado")/COUNTA(UAT!A2:A250),0) -> 0 | G4: =IF(F4>=0.95,"Verde",IF(F4>=0.85,"Amarillo","Rojo")) -> Rojo | H4: Todos los casos funcionales y borde.
A5: Falla automatica | B5: Spinner infinito, NaN, undefined, pantalla en blanco o toast de error no explicativo. | D5: Criticos fallidos | E5: 0 | F5: =COUNTIFS(UAT!L2:L250,"Critica",UAT!J2:J250,"Fallido")+COUNTIFS(UAT!L2:L250,"Critica",UAT!J2:J250,"Bloqueado") -> 0 | G5: =IF(F5=0,"Verde","Rojo") -> Verde | H5: Cualquier critico fallido o bloqueado detiene salida.
A6: Alcance | B6: Dashboard, Kanban, Academia, Disciplina, Calendario, Notificaciones y Perfil. | D6: Bloqueados | E6: 0 | F6: =COUNTIF(UAT!J2:J250,"Bloqueado") -> 0 | G6: =IF(F6=0,"Verde",IF(F6<=2,"Amarillo","Rojo")) -> Verde | H6: Casos sin poder ejecutarse.
A7: Fuera de alcance | B7: Configuracion, admin, cambios tecnicos y funcionalidades no visibles para Analista. | D7: Defectos abiertos | E7: 0 | F7: =COUNTIF(Riesgos!G2:G100,"Abierto") -> 5 | G7: =IF(F7=0,"Verde",IF(F7<=2,"Amarillo","Rojo")) -> Rojo | H7: Riesgos o defectos activos.
A8: Responsable del archivo | B8: Scrum Master / Project Manager. | D8: UAT Dashboard aprobado | E8: >= 95% | F8: =IFERROR(COUNTIFS(UAT!B2:B250,"Dashboard",UAT!J2:J250,"Aprobado")/COUNTIF(UAT!B2:B250,"Dashboard"),0) -> 0 | G8: =IF(F8>=0.95,"Verde",IF(F8>=0.85,"Amarillo","Rojo")) -> Rojo | H8: Cobertura Dashboard.
A9: Version | B9: UAT v1 pantallas especificas | D9: UAT Kanban aprobado | E9: >= 95% | F9: =IFERROR(COUNTIFS(UAT!B2:B250,"Kanban",UAT!J2:J250,"Aprobado")/COUNTIF(UAT!B2:B250,"Kanban"),0) -> 0 | G9: =IF(F9>=0.95,"Verde",IF(F9>=0.85,"Amarillo","Rojo")) -> Rojo | H9: Cobertura Kanban.
A10: Fecha | B10: 46174.998 | D10: UAT Academia aprobado | E10: >= 95% | F10: =IFERROR(COUNTIFS(UAT!B2:B250,"Academia",UAT!J2:J250,"Aprobado")/COUNTIF(UAT!B2:B250,"Academia"),0) -> 0 | G10: =IF(F10>=0.95,"Verde",IF(F10>=0.85,"Amarillo","Rojo")) -> Rojo | H10: Cobertura Academia.
D11: UAT Disciplina aprobado | E11: >= 95% | F11: =IFERROR(COUNTIFS(UAT!B2:B250,"Disciplina",UAT!J2:J250,"Aprobado")/COUNTIF(UAT!B2:B250,"Disciplina"),0) -> 0 | G11: =IF(F11>=0.95,"Verde",IF(F11>=0.85,"Amarillo","Rojo")) -> Rojo | H11: Cobertura Disciplina.
D12: UAT Calendario aprobado | E12: >= 95% | F12: =IFERROR(COUNTIFS(UAT!B2:B250,"Calendario",UAT!J2:J250,"Aprobado")/COUNTIF(UAT!B2:B250,"Calendario"),0) -> 0 | G12: =IF(F12>=0.95,"Verde",IF(F12>=0.85,"Amarillo","Rojo")) -> Rojo | H12: Cobertura Calendario.
D13: UAT Notificaciones aprobado | E13: >= 95% | F13: =IFERROR(COUNTIFS(UAT!B2:B250,"Notificaciones",UAT!J2:J250,"Aprobado")/COUNTIF(UAT!B2:B250,"Notificaciones"),0) -> 0 | G13: =IF(F13>=0.95,"Verde",IF(F13>=0.85,"Amarillo","Rojo")) -> Rojo | H13: Cobertura Notificaciones.
D14: UAT Perfil aprobado | E14: >= 95% | F14: =IFERROR(COUNTIFS(UAT!B2:B250,"Perfil",UAT!J2:J250,"Aprobado")/COUNTIF(UAT!B2:B250,"Perfil"),0) -> 0 | G14: =IF(F14>=0.95,"Verde",IF(F14>=0.85,"Amarillo","Rojo")) -> Rojo | H14: Cobertura Perfil.
D15: Decision Go/No-Go | E15: Go si cumple criterios | H15: Actualizar al cierre.

Sheet Flujo y responsables
A1: Orden de uso, responsables y decisiones
A3: Orden | B3: Pestana | C3: Quien la usa | D3: Quien la actualiza | E3: Que hace | F3: Salida esperada | G3: Decision
A4: 1 | B4: Resumen | C4: Direccion, Owner, Scrum Master | D4: Scrum Master | E4: Leer avance, semaforos y bloqueadores. | F4: Estado ejecutivo confiable. | G4: Continuar, escalar o detener salida.
A5: 2 | B5: Flujo y responsables | C5: Todos | D5: Scrum Master | E5: Aclarar quien hace que y en que orden. | F5: Reglas de trabajo claras. | G5: Evitar duplicidad y confusion.
A6: 3 | B6: Plan | C6: Scrum Master | D6: Scrum Master | E6: Administrar preparacion, capacitacion, ejecucion y cierre. | F6: Plan con estado por actividad. | G6: Saber si UAT puede iniciar.
A7: 4 | B7: Plan por modulo | C7: Scrum Master, lider funcional | D7: Scrum Master | E7: Preparar cada modulo antes de probarlo. | F7: Modulo listo para UAT. | G7: Abrir pruebas del modulo.
A8: 5 | B8: Sesiones | C8: Scrum Master, Analistas | D8: Scrum Master | E8: Ejecutar agenda de pruebas guiadas. | F8: Asistencia y evidencia. | G8: Pasar a reprueba o cierre.
A9: 6 | B9: UAT | C9: Analistas piloto | D9: Analistas registran; Scrum Master consolida | E9: Ejecutar casos, marcar resultado y observaciones. | F9: Evidencia por caso. | G9: Aceptar o rechazar cada caso.
A10: 7 | B10: Riesgos | C10: Scrum Master, equipo tecnico | D10: Scrum Master | E10: Convertir fallas relevantes en bloqueadores o riesgos. | F10: Defectos priorizados. | G10: Escalar y corregir.
A11: 8 | B11: Criterios por modulo | C11: Scrum Master, lider funcional | D11: Scrum Master | E11: Evaluar criticos, fallos medios y bloqueadores por modulo. | F11: Go/No-Go por modulo. | G11: Liberar modulo o regresarlo a ajustes.
A12: 9 | B12: Reporte bug | C12: Analistas, Scrum Master | D12: Quien reporte bug | E12: Documentar defectos de forma reproducible. | F12: Bug accionable. | G12: Corregir sin retrabajo.

Sheet Plan
A1: ID | B1: Fase | C1: Semana | D1: Actividad | E1: Objetivo | F1: Responsable | G1: Participa | H1: Estado | I1: Criterio de cierre
A2: P01 | B2: Preparacion | C2: Semana 1 | D2: Confirmar usuarios Analista | E2: Validar que todos sean no super_admin. | F2: Scrum Master | G2: Owner | H2: Pendiente | I2: Lista cerrada de usuarios piloto.
A3: P02 | B3: Preparacion | C3: Semana 1 | D3: Confirmar alcance por pantalla | E3: Evitar probar funcionalidades fuera de alcance. | F3: Scrum Master | G3: Lider funcional | H3: Pendiente | I3: Pantallas y restricciones aceptadas.
A4: P03 | B4: Preparacion | C4: Semana 1 | D4: Preparar datos minimos | E4: Tener acciones, responsables, fechas y notificaciones de prueba. | F4: Scrum Master | G4: Equipo tecnico | H4: Pendiente | I4: Datos suficientes para casos UAT.
A5: P04 | B5: Capacitacion | C5: Semana 1 | D5: Explicar reglas de UAT | E5: Alinear criterio global, tiempos y evidencia. | F5: Scrum Master | G5: Analistas | H5: Pendiente | I5: Analistas saben como registrar resultados.
A6: P05 | B6: UAT | C6: Semana 2 | D6: Ejecutar sesion Dashboard y Kanban basico | E6: Validar entrada operativa y flujo de acciones. | F6: Analistas piloto | G6: Scrum Master | H6: Pendiente | I6: Casos de sesion 1 ejecutados.
A7: P06 | B7: UAT | C7: Semana 2 | D7: Ejecutar sesion Kanban avanzado | E7: Validar vistas, filtros, estados y comportamiento de tarjetas. | F7: Analistas piloto | G7: Scrum Master | H7: Pendiente | I7: Casos de sesion 2 ejecutados.
A8: P07 | B8: UAT | C8: Semana 2 | D8: Ejecutar Academia, Disciplina y Perfil | E8: Validar experiencia personal del analista. | F8: Analistas piloto | G8: Scrum Master | H8: Pendiente | I8: Casos de sesion 3 ejecutados.
A9: P08 | B9: UAT | C9: Semana 2 | D9: Ejecutar Calendario y Notificaciones | E9: Validar seguimiento temporal y avisos. | F9: Analistas piloto | G9: Scrum Master | H9: Pendiente | I9: Casos de sesion 4 ejecutados.
A10: P09 | B10: UAT | C10: Semana 2 | D10: Ejecutar casos borde | E10: Confirmar empty states, errores claros y datos sin NaN. | F10: Analistas piloto | G10: Scrum Master | H10: Pendiente | I10: Casos borde ejecutados.
A11: P10 | B11: Cierre | C11: Semana 3 | D11: Clasificar bugs | E11: Separar criticos, altos, medios, bajos y no aplica. | F11: Scrum Master | G11: Equipo tecnico | H11: Pendiente | I11: Backlog UAT priorizado.
A12: P11 | B12: Cierre | C12: Semana 3 | D12: Reprueba dirigida | E12: Confirmar correcciones sin romper flujos base. | F12: Analistas piloto | G12: Scrum Master | H12: Pendiente | I12: Casos fallidos reaprobados o aceptados con observacion.
A13: P12 | B13: Salida | C13: Semana 3 | D13: Decision Go/No-Go | E13: Tomar decision por modulo y global. | F13: Owner | G13: Scrum Master | H13: Pendiente | I13: Decision documentada.

Sheet Plan por modulo
A1: ID | B1: Modulo | C1: Actividad previa | D1: Objetivo | E1: Responsable | F1: Participa | G1: Estado | H1: Criterio de cierre | I1: Notas
A2: PM-DASH-01 | B2: Dashboard | C2: Validar acceso y datos | D2: Confirmar carga inicial, score, KPI, filtros y acciones. | E2: Scrum Master | F2: Product Owner | G2: Pendiente | H2: Dashboard listo para UAT sin elementos restringidos.
A3: PM-KAN-01 | B3: Kanban | C3: Validar flujo RUN | D3: Confirmar columnas, cambio de estado, edicion, filtros y vistas. | E3: Scrum Master | F3: Product Owner | G3: Pendiente | H3: Kanban listo para ejecutar casos funcionales.
A4: PM-ACA-01 | B4: Academia | C4: Validar contenido y navegacion | D4: Confirmar que contenido estatico/interactivo carga sin romperse. | E4: Scrum Master | F4: Product Owner | G4: Pendiente | H4: Academia lista para UAT de lectura y avance.
A5: PM-DIS-01 | B5: Disciplina | C5: Validar home operativo personal | D5: Confirmar acciones del dia, categorias personales, links e indicadores. | E5: Scrum Master | F5: Product Owner | G5: Pendiente | H5: Disciplina lista para UAT diario.
A6: PM-CAL-01 | B6: Calendario | C6: Validar vista mensual | D6: Confirmar acciones por fecha, navegacion, detalle y edicion. | E6: Scrum Master | F6: Product Owner | G6: Pendiente | H6: Calendario listo para UAT.
A7: PM-NOT-01 | B7: Notificaciones | C7: Preparar eventos de prueba | D7: Tener asignaciones y comentarios que generen notificaciones. | E7: Scrum Master | F7: Product Owner | G7: Pendiente | H7: Notificaciones listas para UAT. | I7: Tiempo real requiere dos sesiones.
A8: PM-PRF-01 | B8: Perfil | C8: Validar acceso personal | D8: Confirmar datos del usuario, edicion permitida y cierre de sesion. | E8: Scrum Master | F8: Product Owner | G8: Pendiente | H8: Perfil listo para UAT.

Sheet UAT
A1: ID Caso | B1: Modulo | C1: Tipo | D1: Caso | E1: Precondicion | F1: Pasos | G1: Resultado esperado | H1: Tiempo max | I1: Responsable | J1: Resultado | K1: Evidencia / URL | L1: Severidad | M1: Observacion
A2: UAT-DASH-01 | B2: Dashboard | C2: Funcional | D2: Carga inicial sin spinner infinito | E2: Analista autenticado. | F2: Navegar a /dashboard. | G2: Todos los bloques renderizan en menos de 3s. | H2: 3s | I2: Analista piloto | J2: Pendiente | L2: Critica
A3: UAT-DASH-02 | B3: Dashboard | C3: Funcional | D3: Score global visible con porcentaje | E3: Dashboard abierto. | F3: Abrir dashboard y revisar score global. | G3: Numero y simbolo % visibles; no aparece NaN. | H3: - | I3: Analista piloto | J3: Pendiente | L3: Critica
A4: UAT-DASH-03 | B4: Dashboard | C4: Funcional | D4: Semaforo KPI carga datos reales | E4: Dashboard abierto con datos. | F4: Esperar carga y revisar cards KPI. | G4: Cards con nombre, porcentaje y barra de color. | H4: 3s | I4: Analista piloto | J4: Pendiente | L4: Alta
A5: UAT-DASH-04 | B5: Dashboard | C5: Funcional | D5: Filtro de fecha cambia acciones | E5: Existen acciones en distintas fechas. | F5: Cambiar fecha en toolbar. | G5: Lista de acciones se actualiza en menos de 2s. | H5: 2s | I5: Analista piloto | J5: Pendiente | L5: Critica
A6: UAT-DASH-05 | B6: Dashboard | C6: Funcional | D6: Limpiar filtros vuelve a hoy | E6: Filtro aplicado. | F6: Clic en Limpiar filtros. | G6: Fecha vuelve a hoy y acciones del dia. | H6: 1s | I6: Analista piloto | J6: Pendiente | L6: Alta
A7: UAT-DASH-06 | B7: Dashboard | C7: Funcional | D7: Cadena operativa con datos | E7: Dashboard con datos vinculados. | F7: Ver seccion de cadena causa-efecto. | G7: Cards con valores numericos; sin guiones por error ni NaN. | H7: - | I7: Analista piloto | J7: Pendiente | L7: Alta
A8: UAT-DASH-07 | B8: Dashboard | C8: Funcional | D8: Top impacto solo pendientes | E8: Existen acciones abiertas y cerradas. | F8: Ver seccion Mayor impacto pendiente. | G8: Solo aparecen acciones no finalizadas. | H8: - | I8: Analista piloto | J8: Pendiente | L8: Media
A9: UAT-DASH-08 | B9: Dashboard | C9: Funcional | D9: Pulso operativo calcula bien | E9: Acciones con estados distintos. | F9: Ver tarjetas de eficiencia. | G9: Total, completadas y bloqueadas son coherentes. | H9: - | I9: Analista piloto | J9: Pendiente | L9: Alta
A10: UAT-DASH-09 | B10: Dashboard | C10: Funcional | D10: Crear accion desde dashboard | E10: Dashboard abierto. | F10: Clic en Nueva accion. | G10: Dialog abre en modo creacion en menos de 500ms. | H10: 500ms | I10: Analista piloto | J10: Pendiente | L10: Critica
A11: UAT-DASH-10 | B11: Dashboard | C11: Permisos | D11: Matriz de impacto restringida para Analista | E11: Sesion de Analista. | F11: Buscar enlace o boton Matriz de impacto en dashboard. | G11: No aparece enlace restringido; si aparece, se registra falla de permisos. | H11: 2s | I11: Scrum Master | J11: Pendiente | L11: Critica
A12: UAT-DASH-E01 | B12: Dashboard | C12: Borde | D12: Sin acciones para la fecha | E12: Fecha sin acciones. | F12: Seleccionar fecha sin acciones. | G12: Empty state con mensaje claro; no tabla vacia. | H12: - | I12: Analista piloto | J12: Pendiente | L12: Media
A13: UAT-DASH-E02 | B13: Dashboard | C13: Borde | D13: Sin datos activos | E13: No hay datos vinculados para cadena. | F13: Abrir dashboard con datos minimos. | G13: Muestra 0% o empty state; no NaN. | H13: - | I13: Analista piloto | J13: Pendiente | L13: Alta
... A75: UAT-PRF-E02 | B75: Perfil | C75: Borde | D75: Cerrar sesion con dialog abierto | E75: Dialog de perfil abierto. | F75: Cerrar sesion desde menu si esta disponible. | G75: Dialog se cierra y sesion limpia sin error. | H75: - | I75: Analista piloto | J75: Pendiente | L75: Media

Sheet Sesiones
A1: Sesion | B1: Duracion | C1: Modulos | D1: Casos | E1: Objetivo | F1: Ejecutor | G1: Facilitador | H1: Estado
A2: Sesion 1 | B2: 90 min | C2: Dashboard + Kanban basico | D2: UAT-DASH-01 al 10; UAT-KAN-01 al 08 | E2: Validar entrada operativa y flujo base de acciones. | F2: Analistas piloto | G2: Scrum Master | H2: Pendiente
A3: Sesion 2 | B3: 60 min | C3: Kanban avanzado | D3: UAT-KAN-09 al 11; casos borde Kanban | E3: Validar vistas, scroll, filtros y empty states. | F3: Analistas piloto | G3: Scrum Master | H3: Pendiente
A4: Sesion 3 | B4: 60 min | C4: Academia + Disciplina + Perfil | D4: Todos los casos de estos modulos | E4: Validar experiencia personal del Analista. | F4: Analistas piloto | G4: Scrum Master | H4: Pendiente
A5: Sesion 4 | B5: 60 min | C5: Calendario + Notificaciones | D5: Todos los casos de estos modulos | E5: Validar seguimiento temporal y avisos. | F5: Analistas piloto | G5: Scrum Master | H5: Pendiente
A6: Sesion 5 | B6: 30 min | C6: Casos borde | D6: Todos los UAT-XXX-E0N pendientes | E6: Confirmar empty states, errores y datos extremos. | F6: Analistas piloto | G6: Scrum Master | H6: Pendiente

Sheet Criterios por modulo
A1: Modulo | B1: Criticos 0 fallos | C1: Aceptables | D1: Casos UAT | E1: % Aprobado | F1: Criticos fallidos | G1: Fallos medios | H1: Bloqueados | I1: Estado | J1: Go/No-Go
A2: Dashboard | B2: DASH-01, 02, 04, 09, 10 | C2: DASH-03, 06, 07, 08 | D2: =COUNTIF(UAT!B2:B250,A2) -> 13 | E2: =IFERROR(COUNTIFS(UAT!B2:B250,A2,UAT!J2:J250,"Aprobado")/D2,0) -> 0 | F2: =COUNTIFS(UAT!B2:B250,A2,UAT!L2:L250,"Critica",UAT!J2:J250,"Fallido")+COUNTIFS(UAT!B2:B250,A2,UAT!L2:L250,"Critica",UAT!J2:J250,"Bloqueado") -> 0 | G2: =COUNTIFS(UAT!B2:B250,A2,UAT!L2:L250,"Media",UAT!J2:J250,"Fallido") -> 0 | H2: =COUNTIFS(UAT!B2:B250,A2,UAT!J2:J250,"Bloqueado") -> 0 | I2: No iniciado | J2: =IF(AND(E2>=0.95,F2=0,G2<2,H2=0),"Go","No-Go") -> No-Go
A3: Kanban | B3: KAN-01, 03, 05, 07 | C3: KAN-04, 06, 09, 11 | D3: =COUNTIF(UAT!B2:B250,A3) -> 14 | E3: =IFERROR(COUNTIFS(UAT!B2:B250,A3,UAT!J2:J250,"Aprobado")/D3,0) -> 0 | F3: =COUNTIFS(UAT!B2:B250,A3,UAT!L2:L250,"Critica",UAT!J2:J250,"Fallido")+COUNTIFS(UAT!B2:B250,A3,UAT!L2:L250,"Critica",UAT!J2:J250,"Bloqueado") -> 0 | G3: =COUNTIFS(UAT!B2:B250,A3,UAT!L2:L250,"Media",UAT!J2:J250,"Fallido") -> 0 | H3: =COUNTIFS(UAT!B2:B250,A3,UAT!J2:J250,"Bloqueado") -> 0 | I3: No iniciado | J3: =IF(AND(E3>=0.95,F3=0,G3<2,H3=0),"Go","No-Go") -> No-Go
A4: Academia | B4: ACA-01, 02 | C4: ACA-03, 04, 06 | D4: =COUNTIF(UAT!B2:B250,A4) -> 9 | E4: =IFERROR(COUNTIFS(UAT!B2:B250,A4,UAT!J2:J250,"Aprobado")/D4,0) -> 0 | F4: =COUNTIFS(UAT!B2:B250,A4,UAT!L2:L250,"Critica",UAT!J2:J250,"Fallido")+COUNTIFS(UAT!B2:B250,A4,UAT!L2:L250,"Critica",UAT!J2:J250,"Bloqueado") -> 0 | G4: =COUNTIFS(UAT!B2:B250,A4,UAT!L2:L250,"Media",UAT!J2:J250,"Fallido") -> 0 | H4: =COUNTIFS(UAT!B2:B250,A4,UAT!J2:J250,"Bloqueado") -> 0 | I4: No iniciado | J4: =IF(AND(E4>=0.95,F4=0,G4<2,H4=0),"Go","No-Go") -> No-Go
A5: Disciplina | B5: DIS-01, 02 | C5: DIS-03, 04, 06 | D5: =COUNTIF(UAT!B2:B250,A5) -> 9 | E5: =IFERROR(COUNTIFS(UAT!B2:B250,A5,UAT!J2:J250,"Aprobado")/D5,0) -> 0 | F5: =COUNTIFS(UAT!B2:B250,A5,UAT!L2:L250,"Critica",UAT!J2:J250,"Fallido")+COUNTIFS(UAT!B2:B250,A5,UAT!L2:L250,"Critica",UAT!J2:J250,"Bloqueado") -> 0 | G5: =COUNTIFS(UAT!B2:B250,A5,UAT!L2:L250,"Media",UAT!J2:J250,"Fallido") -> 0 | H5: =COUNTIFS(UAT!B2:B250,A5,UAT!J2:J250,"Bloqueado") -> 0 | I5: No iniciado | J5: =IF(AND(E5>=0.95,F5=0,G5<2,H5=0),"Go","No-Go") -> No-Go
A6: Calendario | B6: CAL-01, 04, 05 | C6: CAL-02, 03, 07 | D6: =COUNTIF(UAT!B2:B250,A6) -> 10 | E6: =IFERROR(COUNTIFS(UAT!B2:B250,A6,UAT!J2:J250,"Aprobado")/D6,0) -> 0 | F6: =COUNTIFS(UAT!B2:B250,A6,UAT!L2:L250,"Critica",UAT!J2:J250,"Fallido")+COUNTIFS(UAT!B2:B250,A6,UAT!L2:L250,"Critica",UAT!J2:J250,"Bloqueado") -> 0 | G6: =COUNTIFS(UAT!B2:B250,A6,UAT!L2:L250,"Media",UAT!J2:J250,"Fallido") -> 0 | H6: =COUNTIFS(UAT!B2:B250,A6,UAT!J2:J250,"Bloqueado") -> 0 | I6: No iniciado | J6: =IF(AND(E6>=0.95,F6=0,G6<2,H6=0),"Go","No-Go") -> No-Go
A7: Notificaciones | B7: NOT-01, 02, 04, 06 | C7: NOT-03, 05, 08 | D7: =COUNTIF(UAT!B2:B250,A7) -> 10 | E7: =IFERROR(COUNTIFS(UAT!B2:B250,A7,UAT!J2:J250,"Aprobado")/D7,0) -> 0 | F7: =COUNTIFS(UAT!B2:B250,A7,UAT!L2:L250,"Critica",UAT!J2:J250,"Fallido")+COUNTIFS(UAT!B2:B250,A7,UAT!L2:L250,"Critica",UAT!J2:J250,"Bloqueado") -> 0 | G7: =COUNTIFS(UAT!B2:B250,A7,UAT!L2:L250,"Media",UAT!J2:J250,"Fallido") -> 0 | H7: =COUNTIFS(UAT!B2:B250,A7,UAT!J2:J250,"Bloqueado") -> 0 | I7: No iniciado | J7: =IF(AND(E7>=0.95,F7=0,G7<2,H7=0),"Go","No-Go") -> No-Go
A8: Perfil | B8: PRF-01, 05 | C8: PRF-02, 03, 06 | D8: =COUNTIF(UAT!B2:B250,A8) -> 9 | E8: =IFERROR(COUNTIFS(UAT!B2:B250,A8,UAT!J2:J250,"Aprobado")/D8,0) -> 0 | F8: =COUNTIFS(UAT!B2:B250,A8,UAT!L2:L250,"Critica",UAT!J2:J250,"Fallido")+COUNTIFS(UAT!B2:B250,A8,UAT!L2:L250,"Critica",UAT!J2:J250,"Bloqueado") -> 0 | G8: =COUNTIFS(UAT!B2:B250,A8,UAT!L2:L250,"Media",UAT!J2:J250,"Fallido") -> 0 | H8: =COUNTIFS(UAT!B2:B250,A8,UAT!J2:J250,"Bloqueado") -> 0 | I8: No iniciado | J8: =IF(AND(E8>=0.95,F8=0,G8<2,H8=0),"Go","No-Go") -> No-Go

Sheet Riesgos
A1: ID | B1: Tipo | C1: Riesgo / defecto | D1: Impacto | E1: Probabilidad | F1: Mitigacion | G1: Estado | H1: Responsable | I1: Fecha objetivo
A2: R01 | B2: Permisos | C2: Analista ve opciones restringidas o no ve pantallas incluidas. | D2: Alta | E2: Media | F2: Ejecutar casos de permisos antes de UAT amplio. | G2: Abierto | H2: Scrum Master
A3: R02 | B3: Datos | C3: No hay datos suficientes para probar fechas, estados o notificaciones. | D3: Alta | E3: Media | F3: Preparar acciones y eventos minimos antes de sesiones. | G3: Abierto | H3: Scrum Master
A4: R03 | B4: Calidad | C4: Aparecen NaN, undefined o pantalla en blanco. | D4: Critica | E4: Baja | F4: Bloquear salida hasta corregir y repruebar. | G4: Abierto | H4: Equipo tecnico
A5: R04 | B5: Prueba | C5: Notificacion en tiempo real no se puede probar por falta de dos sesiones. | D5: Media | E5: Media | F5: Agendar dos navegadores o dos usuarios. | G5: Abierto | H5: Scrum Master
A6: R05 | B6: Adopcion | C6: Analistas no registran evidencia o resultado en UAT. | D6: Media | E6: Media | F6: Ejecutar UAT guiado y revisar al cierre de cada sesion. | G6: Abierto | H6: Scrum Master

Sheet Reporte bug
A1: Plantilla de reporte de bug
A3: Campo | B3: Descripcion | C3: Ejemplo | D3: Obligatorio | E3: Responsable | F3: Notas
A4: ID | B4: Identificador unico | C4: UAT-BUG-001 | D4: Si | E4: Scrum Master | F4: Consecutivo.
A5: Modulo | B5: Pantalla donde ocurre | C5: Dashboard / Kanban / Academia / Disciplina / Calendario / Notificaciones / Perfil | D5: Si | E5: Analista
A6: Caso relacionado | B6: ID de UAT | C6: UAT-DASH-01 | D6: Si | E6: Analista
A7: Severidad | B7: Critico / Alto / Medio / Bajo | C7: Critico | D7: Si | E7: Scrum Master | F7: Critico bloquea salida.
A8: Pasos para reproducir | B8: Pasos numerados | C8: 1) Abrir... 2) Clic... | D8: Si | E8: Analista | F8: Debe ser reproducible.
A9: Resultado obtenido | B9: Que paso realmente | C9: Spinner infinito | D9: Si | E9: Analista
A10: Resultado esperado | B10: Que debia pasar | C10: Carga en menos de 3s | D10: Si | E10: Analista
A11: Frecuencia | B11: Siempre / intermitente / una vez | C11: Siempre | D11: Si | E11: Analista
